,L,T,ht,ht_x,hy_t,ixt,iyt,step,step_time,hx,ixy,Tmax,beta,alpha,p0,ctol_abs,ctol_rel,ptol,zeroLtol,repeat,repeats
1,5.362260647203151,100.0,6.643657021692933,2.399837423070057,10.582472670100525,4.243819598622876,0.08147766295475378,0.0,0.08925604820251465,6.643856189774725,0.14436951559535238,100.0,1.0,0.5,0.75,0.001,0.0,1e-08,1.0,0.0,1.0
2,3.3393855575623057,100.0,6.6380507364656545,6.588315537378705,10.659442922841283,0.04973519908694968,0.004507410213996366,1.0,12.030290126800537,6.643856189774725,0.14436951559535238,100.0,1.0,0.5,0.75,0.001,0.0,1e-08,1.0,0.0,1.0
3,3.3115124662150834,100.0,6.6203975840495275,6.617171271576207,10.663650851008939,0.003226312473320725,0.0002994820463406711,2.0,11.411426067352295,6.643856189774725,0.14436951559535238,100.0,1.0,0.5,0.75,0.001,0.0,1e-08,1.0,0.0,1.0
4,3.2787633172550223,100.0,6.557360617869814,6.557156368630587,10.663931216755781,0.0002042492392266837,1.911629949802318e-05,3.0,11.457085847854614,6.643856189774725,0.14436951559535238,100.0,1.0,0.5,0.75,0.001,0.0,1e-08,1.0,0.0,1.0
5,3.1746384284088522,100.0,6.349267360708084,6.349255657736549,10.663949229624322,1.1702971534965911e-05,1.1034309572721668e-06,4.0,10.96949291229248,6.643856189774725,0.14436951559535238,100.0,1.0,0.5,0.75,0.001,0.0,1e-08,1.0,0.0,1.0
6,2.8780504394766497,100.0,5.7561004167384295,5.756099846065389,10.663950278826194,5.706730403787219e-07,5.422908522234593e-08,5.0,11.346979856491089,6.643856189774725,0.14436951559535238,100.0,1.0,0.5,0.75,0.001,0.0,1e-08,1.0,0.0,1.0
7,2.2150107701788952,100.0,4.430021521303455,4.430021497716655,10.663950330789048,2.3586799180463913e-08,2.2662316467858545e-09,6.0,11.283652067184448,6.643856189774725,0.14436951559535238,100.0,1.0,0.5,0.75,0.001,0.0,1e-08,1.0,0.0,1.0
8,1.304876989056028,86.0,2.6097539774779634,2.6097539766912927,10.66395033297899,7.866707285586472e-10,7.628919718172256e-11,7.0,11.307636976242065,6.643856189774725,0.14436951559535238,100.0,1.0,0.5,0.75,0.001,0.0,1e-08,1.0,0.0,1.0
9,0.6356138876797965,41.0,1.27122777534669,1.2712277753306749,10.663950333053723,1.6015189174822808e-11,1.5560885913146194e-12,8.0,9.619925022125244,6.643856189774725,0.14436951559535238,100.0,1.0,0.5,0.75,0.001,0.0,1e-08,1.0,0.0,1.0
10,0.26536718912119994,13.0,0.5307343782423245,0.5307343782422349,10.663950333055272,8.959499808725013e-14,7.105427357601002e-15,9.0,4.616997003555298,6.643856189774725,0.14436951559535238,100.0,1.0,0.5,0.75,0.001,0.0,1e-08,1.0,0.0,1.0
11,0.05505778927242595,5.0,0.11011557854485524,0.11011557854485501,10.663950333055277,2.220446049250313e-16,1.7763568394002505e-15,10.0,1.4672918319702148,6.643856189774725,0.14436951559535238,100.0,1.0,0.5,0.75,0.001,0.0,1e-08,1.0,0.0,1.0
12,0.0014926189536458223,2.0,0.0029852379072915604,0.0029852379072914763,10.66395033305528,8.413408858487514e-17,0.0,11.0,0.580794095993042,6.643856189774725,0.14436951559535238,100.0,1.0,0.5,0.75,0.001,0.0,1e-08,1.0,0.0,1.0
13,6.209697735915314e-07,2.0,1.2419395511041706e-06,1.2419395514725647e-06,10.663950333055277,-3.6839411051868207e-16,1.7763568394002505e-15,12.0,0.2444930076599121,6.643856189774725,0.14436951559535238,100.0,1.0,0.5,0.75,0.001,0.0,1e-08,1.0,0.0,1.0
14,0.0,1.0,0.0,0.0,10.66395033305528,0.0,0.0,13.0,0.2430419921875,6.643856189774725,0.14436951559535238,100.0,1.0,0.5,0.75,0.001,0.0,1e-08,1.0,0.0,1.0
15,5.281406977957814,100.0,6.64372376544548,2.3990269255022727,10.582548670687014,4.244696839943208,0.08140166236826474,0.0,0.10249805450439453,6.643856189774725,0.14436951559535238,100.0,2.0,0.5,0.75,0.001,0.0,1e-08,1.0,0.0,1.0
16,3.3753833655799355,100.0,6.63304311278819,6.45165422750717,10.648034016327944,0.18138888528102015,0.015916316727334845,1.0,11.227262020111084,6.643856189774725,0.14436951559535238,100.0,2.0,0.5,0.75,0.001,0.0,1e-08,1.0,0.0,1.0
17,3.3121722854376556,100.0,6.597423859852361,6.554823273726385,10.660030364279523,0.042600586125975504,0.0039199687757562884,2.0,11.022775888442993,6.643856189774725,0.14436951559535238,100.0,2.0,0.5,0.75,0.001,0.0,1e-08,1.0,0.0,1.0
18,3.2482621939509873,100.0,6.490260326321545,6.4802633634271345,10.663017107726784,0.009996962894410544,0.0009332253284952685,3.0,10.377035140991211,6.643856189774725,0.14436951559535238,100.0,2.0,0.5,0.75,0.001,0.0,1e-08,1.0,0.0,1.0
19,3.112731517140152,100.0,6.224122432923444,6.22197150215848,10.663747750703253,0.0021509307649640874,0.00020258235202597064,4.0,10.56874418258667,6.643856189774725,0.14436951559535238,100.0,2.0,0.5,0.75,0.001,0.0,1e-08,1.0,0.0,1.0
20,2.8630546983176535,100.0,5.725835484518565,5.725393516524257,10.663908319085888,0.0004419679943081789,4.201396939151891e-05,5.0,10.263994932174683,6.643856189774725,0.14436951559535238,100.0,2.0,0.5,0.75,0.001,0.0,1e-08,1.0,0.0,1.0
21,2.448042975581802,97.0,4.896026846195298,4.895930876860115,10.66394111696356,9.596933518274398e-05,9.216091719110864e-06,6.0,9.008010864257812,6.643856189774725,0.14436951559535238,100.0,2.0,0.5,0.75,0.001,0.0,1e-08,1.0,0.0,1.0
22,1.8004448199854342,72.0,3.6008755197309457,3.6008524792170813,10.663948102986794,2.304051386436967e-05,2.2300684854315023e-06,7.0,8.86833906173706,6.643856189774725,0.14436951559535238,100.0,2.0,0.5,0.75,0.001,0.0,1e-08,1.0,0.0,1.0
23,1.1910230664281445,49.0,2.3820425369259906,2.3820366575583667,10.663949762195948,5.879367623862208e-06,5.708593313613619e-07,8.0,6.176466941833496,6.643856189774725,0.14436951559535238,100.0,2.0,0.5,0.75,0.001,0.0,1e-08,1.0,0.0,1.0
24,0.7076434338117922,21.0,1.4152862479031827,1.4152852341354973,10.663950234543458,1.0137676853538835e-06,9.851182092290856e-08,9.0,4.10052490234375,6.643856189774725,0.14436951559535238,100.0,2.0,0.5,0.75,0.001,0.0,1e-08,1.0,0.0,1.0
25,0.2629159759174448,8.0,0.5258319216474953,0.525831872274161,10.663950328258794,4.937333430987678e-08,4.796484986968608e-09,10.0,1.8860499858856201,6.643856189774725,0.14436951559535238,100.0,2.0,0.5,0.75,0.001,0.0,1e-08,1.0,0.0,1.0
26,0.032645611807832174,4.0,0.06529122347780314,0.06529122325316335,10.663950333033585,2.2463979287845603e-10,2.169464607959526e-11,11.0,0.7620391845703125,6.643856189774725,0.14436951559535238,100.0,2.0,0.5,0.75,0.001,0.0,1e-08,1.0,0.0,1.0
27,0.00042897166760205924,3.0,0.0008579433351614628,0.00085794333508328,10.66395033305527,7.818279443988496e-14,8.881784197001252e-15,12.0,0.39641809463500977,6.643856189774725,0.14436951559535238,100.0,2.0,0.5,0.75,0.001,0.0,1e-08,1.0,0.0,1.0
28,0.0,1.0,0.0,0.0,10.66395033305528,0.0,0.0,13.0,0.3023228645324707,6.643856189774725,0.14436951559535238,100.0,2.0,0.5,0.75,0.001,0.0,1e-08,1.0,0.0,1.0
29,5.117542500225099,100.0,6.643700512878674,2.3991924854602615,10.582309890574418,4.244508027418412,0.081640442480861,0.0,0.08769583702087402,6.643856189774725,0.14436951559535238,100.0,4.0,0.5,0.75,0.001,0.0,1e-08,1.0,0.0,1.0
30,3.419315821918838,100.0,6.634528623018363,6.0759809007106735,10.619644745369232,0.5585477223076891,0.04430558768604698,1.0,10.12052607536316,6.643856189774725,0.14436951559535238,100.0,4.0,0.5,0.75,0.001,0.0,1e-08,1.0,0.0,1.0
31,3.3599119965040374,100.0,6.60147586967142,6.235687354625987,10.633020284091682,0.3657885150454332,0.0309300489635973,2.0,9.586280107498169,6.643856189774725,0.14436951559535238,100.0,4.0,0.5,0.75,0.001,0.0,1e-08,1.0,0.0,1.0
32,3.290964870833417,100.0,6.502763966209489,6.2392117105273845,10.640902023027184,0.2635522556821046,0.02304831002809493,3.0,8.743218183517456,6.643856189774725,0.14436951559535238,100.0,4.0,0.5,0.75,0.001,0.0,1e-08,1.0,0.0,1.0
33,3.156512220495901,100.0,6.258903242490228,6.067952209067396,10.646846603690122,0.1909510334228317,0.01710372936515725,4.0,9.049184083938599,6.643856189774725,0.14436951559535238,100.0,4.0,0.5,0.75,0.001,0.0,1e-08,1.0,0.0,1.0
34,2.913594180799656,100.0,5.790148484677208,5.653082414128031,10.651447058851895,0.13706607054917708,0.012503274203384152,5.0,9.627031087875366,6.643856189774725,0.14436951559535238,100.0,4.0,0.5,0.75,0.001,0.0,1e-08,1.0,0.0,1.0
35,2.517206917548477,96.0,5.007594019732524,4.904809373205273,10.654454729159927,0.10278464652725106,0.009495603895352644,6.0,8.640887975692749,6.643856189774725,0.14436951559535238,100.0,4.0,0.5,0.75,0.001,0.0,1e-08,1.0,0.0,1.0
36,1.736015016869208,78.0,3.451869206711117,3.3722133132256777,10.656513449748012,0.07965589348543922,0.00743688330726755,7.0,8.19039797782898,6.643856189774725,0.14436951559535238,100.0,4.0,0.5,0.75,0.001,0.0,1e-08,1.0,0.0,1.0
37,0.783326135428102,51.0,1.5524911105055195,1.4937746117868214,10.658380915759277,0.05871649871869811,0.0055694172960016886,8.0,6.957657098770142,6.643856189774725,0.14436951559535238,100.0,4.0,0.5,0.75,0.001,0.0,1e-08,1.0,0.0,1.0
38,0.25000922930560127,26.0,0.49462401581477555,0.4708032203714788,10.66164703897442,0.02382079544329674,0.00230329408085872,9.0,4.589438199996948,6.643856189774725,0.14436951559535238,100.0,4.0,0.5,0.75,0.001,0.0,1e-08,1.0,0.0,1.0
39,0.020579523222355095,4.0,0.04079259090128814,0.03912036727600275,10.663787112045046,0.0016722236252853864,0.0001632210102329168,10.0,2.361963987350464,6.643856189774725,0.14436951559535238,100.0,4.0,0.5,0.75,0.001,0.0,1e-08,1.0,0.0,1.0
40,8.309770732216183e-05,3.0,0.00016507666940475656,0.0001599860367559963,10.663949836569353,5.090632648760277e-06,4.964859261491483e-07,11.0,0.3673670291900635,6.643856189774725,0.14436951559535238,100.0,4.0,0.5,0.75,0.001,0.0,1e-08,1.0,0.0,1.0
41,0.0,1.0,0.0,0.0,10.66395033305528,0.0,0.0,12.0,0.28655099868774414,6.643856189774725,0.14436951559535238,100.0,4.0,0.5,0.75,0.001,0.0,1e-08,1.0,0.0,1.0
42,4.79196100594459,100.0,6.643700546758604,2.400771938051386,10.58253113658174,4.242928608707217,0.08141919647354001,0.0,0.07672715187072754,6.643856189774725,0.14436951559535238,100.0,8.0,0.5,0.75,0.001,0.0,1e-08,1.0,0.0,1.0
43,3.2927213309657635,100.0,6.640930114276389,5.368221716899457,10.580938092447667,1.272708397376932,0.08301224060761214,1.0,8.921414136886597,6.643856189774725,0.14436951559535238,100.0,8.0,0.5,0.75,0.001,0.0,1e-08,1.0,0.0,1.0
44,3.2805466117515367,100.0,6.629515711528194,5.370694019171859,10.580997571781438,1.2588216923563351,0.08295276127384099,2.0,9.294297933578491,6.643856189774725,0.14436951559535238,100.0,8.0,0.5,0.75,0.001,0.0,1e-08,1.0,0.0,1.0
45,3.2580531353401447,100.0,6.590591576755749,5.336660645520787,10.580924318223378,1.2539309312349616,0.0830260148319013,3.0,9.482666969299316,6.643856189774725,0.14436951559535238,100.0,8.0,0.5,0.75,0.001,0.0,1e-08,1.0,0.0,1.0
46,3.1936898964688325,100.0,6.465066850678695,5.211314177978165,10.580735349902682,1.2537526727005295,0.08321498315259745,4.0,9.132415056228638,6.643856189774725,0.14436951559535238,100.0,8.0,0.5,0.75,0.001,0.0,1e-08,1.0,0.0,1.0
47,2.9974353251001995,100.0,6.0727220608992,4.814033672394693,10.580416595605072,1.258688388504507,0.08353373745020676,5.0,8.926496982574463,6.643856189774725,0.14436951559535238,100.0,8.0,0.5,0.75,0.001,0.0,1e-08,1.0,0.0,1.0
48,2.467017467051793,100.0,5.010522208047174,3.7569368255266085,10.58082079202627,1.2535853825205656,0.0831295410290096,6.0,8.682991981506348,6.643856189774725,0.14436951559535238,100.0,8.0,0.5,0.75,0.001,0.0,1e-08,1.0,0.0,1.0
49,1.5815611454483758,97.0,3.2550811176801027,2.088704971300807,10.585304397232614,1.1663761463792959,0.07864593582266544,7.0,8.67834997177124,6.643856189774725,0.14436951559535238,100.0,8.0,0.5,0.75,0.001,0.0,1e-08,1.0,0.0,1.0
50,0.9740778136392998,68.0,2.0619568377646726,1.0627803099193651,10.594389224409568,0.9991765278453075,0.0695611086457113,8.0,9.071138858795166,6.643856189774725,0.14436951559535238,100.0,8.0,0.5,0.75,0.001,0.0,1e-08,1.0,0.0,1.0
51,0.7133328276428534,24.0,1.5359259420718065,0.685898658074191,10.603994859881297,0.8500272839976155,0.0599554731739822,9.0,6.170216083526611,6.643856189774725,0.14436951559535238,100.0,8.0,0.5,0.75,0.001,0.0,1e-08,1.0,0.0,1.0
52,0.5741019604005553,11.0,1.2449687462994112,0.5074584229805702,10.611808136254208,0.737510323318841,0.05214219680107135,10.0,2.117598056793213,6.643856189774725,0.14436951559535238,100.0,8.0,0.5,0.75,0.001,0.0,1e-08,1.0,0.0,1.0
53,0.5220509181566756,6.0,1.1319601663200531,0.46401640818021694,10.61671270254612,0.6679437581398362,0.047237630509158635,11.0,0.9775269031524658,6.643856189774725,0.14436951559535238,100.0,8.0,0.5,0.75,0.001,0.0,1e-08,1.0,0.0,1.0
54,0.49052582260424304,4.0,1.0600878168941923,0.45223642927150987,10.621019860598505,0.6078513876226824,0.04293047245677428,12.0,0.5429069995880127,6.643856189774725,0.14436951559535238,100.0,8.0,0.5,0.75,0.001,0.0,1e-08,1.0,0.0,1.0
55,0.4564764193829878,3.0,0.9820966435273082,0.43426365294849045,10.62538928334652,0.5478329905788177,0.0385610497087594,13.0,0.3796100616455078,6.643856189774725,0.14436951559535238,100.0,8.0,0.5,0.75,0.001,0.0,1e-08,1.0,0.0,1.0
56,0.41577093051083636,3.0,0.8910970345646441,0.4067811033923502,10.629958389010575,0.4843159311722939,0.03399194404470407,14.0,0.279102087020874,6.643856189774725,0.14436951559535238,100.0,8.0,0.5,0.75,0.001,0.0,1e-08,1.0,0.0,1.0
57,0.3609220779803265,3.0,0.7719304169651602,0.36276272151114214,10.635246960776621,0.40916769545401804,0.028703372278657824,15.0,0.28853607177734375,6.643856189774725,0.14436951559535238,100.0,8.0,0.5,0.75,0.001,0.0,1e-08,1.0,0.0,1.0
58,0.2905262707487979,3.0,0.6228640785889409,0.2948058238362046,10.640833471065024,0.3280582547527363,0.02311686199025509,16.0,0.2791109085083008,6.643856189774725,0.14436951559535238,100.0,8.0,0.5,0.75,0.001,0.0,1e-08,1.0,0.0,1.0
59,0.20791712174388977,3.0,0.45136385347801755,0.21371668439181904,10.646876784363002,0.2376471690861985,0.017073548692277285,17.0,0.2839360237121582,6.643856189774725,0.14436951559535238,100.0,8.0,0.5,0.75,0.001,0.0,1e-08,1.0,0.0,1.0
60,0.11868987733644254,2.0,0.26636522077563923,0.12442047493605922,10.653267194808883,0.14194474583958,0.010683138246395885,18.0,0.2841789722442627,6.643856189774725,0.14436951559535238,100.0,8.0,0.5,0.75,0.001,0.0,1e-08,1.0,0.0,1.0
61,0.05256642448126278,2.0,0.12291740329496297,0.0513298691161176,10.658364577523324,0.07158753417884536,0.005585755531955172,19.0,0.18854308128356934,6.643856189774725,0.14436951559535238,100.0,8.0,0.5,0.75,0.001,0.0,1e-08,1.0,0.0,1.0
62,0.019766899173734476,2.0,0.04619217890431518,0.017485201392714873,10.661739998176001,0.028706977511600305,0.0022103348792779087,20.0,0.19124388694763184,6.643856189774725,0.14436951559535238,100.0,8.0,0.5,0.75,0.001,0.0,1e-08,1.0,0.0,1.0
63,0.003696819465624314,2.0,0.008364070723472257,0.00411516194754945,10.66362412426977,0.004248908775922807,0.0003262087855091522,21.0,0.19095897674560547,6.643856189774725,0.14436951559535238,100.0,8.0,0.5,0.75,0.001,0.0,1e-08,1.0,0.0,1.0
64,0.00010646050663564024,2.0,0.00023109063228600628,0.00015107575287404208,10.663944196524128,8.00148794119642e-05,6.136531151668123e-06,22.0,0.19286704063415527,6.643856189774725,0.14436951559535238,100.0,8.0,0.5,0.75,0.001,0.0,1e-08,1.0,0.0,1.0
65,0.0,1.0,0.0,0.0,10.66395033305528,0.0,0.0,23.0,0.20345211029052734,6.643856189774725,0.14436951559535238,100.0,8.0,0.5,0.75,0.001,0.0,1e-08,1.0,0.0,1.0
66,4.142458820776611,100.0,6.643718708366191,2.3978520417035667,10.582554466384167,4.245866666662625,0.08139586667111232,0.0,0.07909107208251953,6.643856189774725,0.14436951559535238,100.0,16.0,0.5,0.75,0.001,0.0,1e-08,1.0,0.0,1.0
67,2.6057040210697195,100.0,6.6273691712673255,4.428380530337962,10.55098315274099,2.1989886409293637,0.1129671803142891,1.0,9.62377119064331,6.643856189774725,0.14436951559535238,100.0,16.0,0.5,0.75,0.001,0.0,1e-08,1.0,0.0,1.0
68,2.6032658237476305,100.0,6.599675787501388,4.276866950649823,10.547826802528476,2.322808836851565,0.11612353052680291,2.0,8.73969292640686,6.643856189774725,0.14436951559535238,100.0,16.0,0.5,0.75,0.001,0.0,1e-08,1.0,0.0,1.0
69,2.565197528868172,100.0,6.525619098864487,4.190120118214313,10.547365238624707,2.335498980650174,0.11658509443057241,3.0,8.519850015640259,6.643856189774725,0.14436951559535238,100.0,16.0,0.5,0.75,0.001,0.0,1e-08,1.0,0.0,1.0
70,2.4568992264642224,100.0,6.313277949628497,3.981154681273931,10.547337746647322,2.332123268354566,0.1166125864079568,4.0,9.011413812637329,6.643856189774725,0.14436951559535238,100.0,16.0,0.5,0.75,0.001,0.0,1e-08,1.0,0.0,1.0
71,2.1918727051654194,100.0,5.788291192696372,3.4770158189862426,10.547830921927915,2.3112753737101293,0.11611941112736446,5.0,8.981292009353638,6.643856189774725,0.14436951559535238,100.0,16.0,0.5,0.75,0.001,0.0,1e-08,1.0,0.0,1.0
72,1.7498974655188926,99.0,4.911388198163124,2.660126432675425,10.549486113286122,2.251261765487699,0.11446421976915744,6.0,8.24757194519043,6.643856189774725,0.14436951559535238,100.0,16.0,0.5,0.75,0.001,0.0,1e-08,1.0,0.0,1.0
73,1.3588791147385324,89.0,4.138303066613524,1.993662696214278,10.552538295319788,2.1446403703992463,0.1114120377354908,7.0,8.480576992034912,6.643856189774725,0.14436951559535238,100.0,16.0,0.5,0.75,0.001,0.0,1e-08,1.0,0.0,1.0
74,1.0900925291566899,56.0,3.60607330870898,1.5848915558427379,10.556229395453347,2.021181752866242,0.10772093760193258,8.0,7.516319036483765,6.643856189774725,0.14436951559535238,100.0,16.0,0.5,0.75,0.001,0.0,1e-08,1.0,0.0,1.0
75,0.8056692707512827,28.0,3.033126925295796,1.1488108741217604,10.560634569462552,1.8843160511740358,0.1033157635927271,9.0,4.66836404800415,6.643856189774725,0.14436951559535238,100.0,16.0,0.5,0.75,0.001,0.0,1e-08,1.0,0.0,1.0
76,0.5407537643617912,18.0,2.482712867161873,0.7331182139161236,10.565487833315153,1.7495946532457491,0.09846249974012622,10.0,2.4024970531463623,6.643856189774725,0.14436951559535238,100.0,16.0,0.5,0.75,0.001,0.0,1e-08,1.0,0.0,1.0
77,0.3896396548683456,16.0,2.1542322130357014,0.48915757658592,10.56894947243813,1.6650746364497815,0.09500086061714974,11.0,1.6357300281524658,6.643856189774725,0.14436951559535238,100.0,16.0,0.5,0.75,0.001,0.0,1e-08,1.0,0.0,1.0
78,0.30589270505081334,12.0,1.9732743931792116,0.3460606037882257,10.570553371415636,1.627213789390986,0.09339696163964284,12.0,1.4491350650787354,6.643856189774725,0.14436951559535238,100.0,16.0,0.5,0.75,0.001,0.0,1e-08,1.0,0.0,1.0
79,0.2766415175792083,11.0,1.9141730484894564,0.29249894571693547,10.570745204427043,1.6216741027725208,0.09320512862823627,13.0,1.1424620151519775,6.643856189774725,0.14436951559535238,100.0,16.0,0.5,0.75,0.001,0.0,1e-08,1.0,0.0,1.0
80,0.26492364198831453,7.0,1.892285876952532,0.2677881147611896,10.570608571956303,1.6244977621913423,0.0933417610989764,14.0,1.0391099452972412,6.643856189774725,0.14436951559535238,100.0,16.0,0.5,0.75,0.001,0.0,1e-08,1.0,0.0,1.0
81,0.2603654899912764,6.0,1.8850449030982657,0.25699999905086257,10.570439119706432,1.6280449040474032,0.09351121334884738,15.0,0.6675801277160645,6.643856189774725,0.14436951559535238,100.0,16.0,0.5,0.75,0.001,0.0,1e-08,1.0,0.0,1.0
82,2.839548370484465,100.0,6.643689167451379,2.4005909999548196,10.582580167524357,4.2430981674965595,0.08137016553092202,0.0,0.0853719711303711,6.643856189774725,0.14436951559535238,100.0,32.0,0.5,0.75,0.001,0.0,1e-08,1.0,0.0,1.0
83,0.7271408712438188,100.0,6.597914058174742,3.4775180126016307,10.534824889910588,3.120396045573111,0.12912544314469088,1.0,10.104876041412354,6.643856189774725,0.14436951559535238,100.0,32.0,0.5,0.75,0.001,0.0,1e-08,1.0,0.0,1.0
84,0.6935971301834805,100.0,6.529744515531221,3.2635179128570204,10.532563194651553,3.266226602674201,0.13138713840372596,2.0,9.04262089729309,6.643856189774725,0.14436951559535238,100.0,32.0,0.5,0.75,0.001,0.0,1e-08,1.0,0.0,1.0
85,0.5877895093435983,100.0,6.335488820963319,3.071260889174585,10.532323180960516,3.264227931788734,0.1316271520947634,3.0,8.301429986953735,6.643856189774725,0.14436951559535238,100.0,32.0,0.5,0.75,0.001,0.0,1e-08,1.0,0.0,1.0
86,0.37414349925258605,100.0,5.922461861503575,2.6930130410572586,10.532643713001455,3.2294488204463168,0.13130662005382376,4.0,8.474061012268066,6.643856189774725,0.14436951559535238,100.0,32.0,0.5,0.75,0.001,0.0,1e-08,1.0,0.0,1.0
87,0.06514808525523819,99.0,5.314015405646478,2.146281692073896,10.533458880731708,3.1677337135725816,0.13049145232357162,5.0,10.303460121154785,6.643856189774725,0.14436951559535238,100.0,32.0,0.5,0.75,0.001,0.0,1e-08,1.0,0.0,1.0
88,-0.263289369025566,90.0,4.661651079914771,1.5604470577402556,10.534427929303085,3.101204022174515,0.12952240375219404,6.0,15.74909782409668,6.643856189774725,0.14436951559535238,100.0,32.0,0.5,0.75,0.001,0.0,1e-08,1.0,0.0,1.0
89,-0.5197617390681728,68.0,4.153144309765297,1.1044212825146684,10.535178601568525,3.0487230272506287,0.12877173148675425,7.0,10.4149169921875,6.643856189774725,0.14436951559535238,100.0,32.0,0.5,0.75,0.001,0.0,1e-08,1.0,0.0,1.0
90,-0.7024628145503189,41.0,3.7909367020140516,0.7776055470836036,10.535681684835824,3.013331154930448,0.12826864821945527,8.0,5.969625949859619,6.643856189774725,0.14436951559535238,100.0,32.0,0.5,0.75,0.001,0.0,1e-08,1.0,0.0,1.0
91,-0.8257344941760967,27.0,3.542559915410684,0.5493119863449456,10.536024132542332,2.9932479290657383,0.12792620051294712,9.0,3.5295629501342773,6.643856189774725,0.14436951559535238,100.0,32.0,0.5,0.75,0.001,0.0,1e-08,1.0,0.0,1.0
92,-0.8872027559726865,22.0,3.415141752750032,0.44197536349265876,10.536407932212267,2.973166389257373,0.12754240084301216,10.0,2.200885057449341,6.643856189774725,0.14436951559535238,100.0,32.0,0.5,0.75,0.001,0.0,1e-08,1.0,0.0,1.0
93,-0.9087687587463593,15.0,3.3679198361122866,0.4121686978102556,10.536743950369232,2.955751138302031,0.12720638268604745,11.0,1.8602948188781738,6.643856189774725,0.14436951559535238,100.0,32.0,0.5,0.75,0.001,0.0,1e-08,1.0,0.0,1.0
94,-0.9166713067474559,15.0,3.3490288268790818,0.40608201355510637,10.536992235341248,2.9429468133239753,0.12695809771403077,12.0,1.215548038482666,6.643856189774725,0.14436951559535238,100.0,32.0,0.5,0.75,0.001,0.0,1e-08,1.0,0.0,1.0
95,-0.9253542228233704,14.0,3.329066988653048,0.3975295472941823,10.537211069373113,2.9315374413588655,0.12673926368216648,13.0,1.2121260166168213,6.643856189774725,0.14436951559535238,100.0,32.0,0.5,0.75,0.001,0.0,1e-08,1.0,0.0,1.0
96,-0.9365197895395649,14.0,3.303767493082484,0.38471863102850534,10.53745258408316,2.9190488620539785,0.12649774897211863,14.0,1.1419219970703125,6.643856189774725,0.14436951559535238,100.0,32.0,0.5,0.75,0.001,0.0,1e-08,1.0,0.0,1.0
97,-0.9488030645372549,14.0,3.275469359370501,0.3716980156297464,10.537749601302377,2.903771343740755,0.12620073175290258,15.0,1.1329591274261475,6.643856189774725,0.14436951559535238,100.0,32.0,0.5,0.75,0.001,0.0,1e-08,1.0,0.0,1.0
98,-0.9610543923890269,14.0,3.2465983681354484,0.36337897213242415,10.538138980728458,2.883219396003024,0.12581135232682072,16.0,1.1548969745635986,6.643856189774725,0.14436951559535238,100.0,32.0,0.5,0.75,0.001,0.0,1e-08,1.0,0.0,1.0
99,-0.9745898701868545,14.0,3.213780000178469,0.3566546961127753,10.538636504233125,2.857125304065694,0.12531382882215425,17.0,1.1450631618499756,6.643856189774725,0.14436951559535238,100.0,32.0,0.5,0.75,0.001,0.0,1e-08,1.0,0.0,1.0
100,-0.9905936850295696,14.0,3.173753048089509,0.34564619068269326,10.539215219374725,2.8281068574068158,0.12473511368055412,18.0,1.142009973526001,6.643856189774725,0.14436951559535238,100.0,32.0,0.5,0.75,0.001,0.0,1e-08,1.0,0.0,1.0
101,-1.008304276995819,14.0,3.129045060638779,0.32911767970894673,10.53980062999965,2.7999273809298324,0.12414970305562889,19.0,1.1486339569091797,6.643856189774725,0.14436951559535238,100.0,32.0,0.5,0.75,0.001,0.0,1e-08,1.0,0.0,1.0
102,-1.0253838686436199,14.0,3.0859673431062262,0.3119706350533364,10.540345148860805,2.77399670805289,0.1236051841944743,20.0,1.1501691341400146,6.643856189774725,0.14436951559535238,100.0,32.0,0.5,0.75,0.001,0.0,1e-08,1.0,0.0,1.0
103,-1.0425659770819875,14.0,3.042907338596056,0.296469896998388,10.54091163408094,2.746437441597668,0.12303869897433906,21.0,1.1397440433502197,6.643856189774725,0.14436951559535238,100.0,32.0,0.5,0.75,0.001,0.0,1e-08,1.0,0.0,1.0
104,-1.0595566956256839,13.0,3.000818369741582,0.2791374195131442,10.541425134442445,2.721680950228438,0.12252519861283417,22.0,1.1223230361938477,6.643856189774725,0.14436951559535238,100.0,32.0,0.5,0.75,0.001,0.0,1e-08,1.0,0.0,1.0
105,-1.0722461219260455,13.0,2.969527817088448,0.2633321511017417,10.541759462322041,2.706195665986706,0.1221908707332382,23.0,1.0547399520874023,6.643856189774725,0.14436951559535238,100.0,32.0,0.5,0.75,0.001,0.0,1e-08,1.0,0.0,1.0
106,-1.0809663593414136,13.0,2.9492884200458835,0.25065343336019535,10.54192133109568,2.698634986685688,0.12202900195959998,24.0,1.0671141147613525,6.643856189774725,0.14436951559535238,100.0,32.0,0.5,0.75,0.001,0.0,1e-08,1.0,0.0,1.0
107,-1.0839816624744896,11.0,2.943126709273437,0.24562083282531996,10.541941021951052,2.697505876448117,0.12200931110422708,25.0,1.0519931316375732,6.643856189774725,0.14436951559535238,100.0,32.0,0.5,0.75,0.001,0.0,1e-08,1.0,0.0,1.0
108,-1.0841802155912257,11.0,2.9431304727436927,0.2456458070688483,10.541935089780264,2.6974846656748444,0.12201524327501545,26.0,0.8885960578918457,6.643856189774725,0.14436951559535238,100.0,32.0,0.5,0.75,0.001,0.0,1e-08,1.0,0.0,1.0
109,0.2507511757564007,100.0,6.643694667508701,2.399327181371167,10.582805334601112,4.244367486137534,0.08114499845416745,0.0,0.07445597648620605,6.643856189774725,0.14436951559535238,100.0,64.0,0.5,0.75,0.001,0.0,1e-08,1.0,0.0,1.0
110,-3.5031464104442804,100.0,6.557183110089199,2.63922356799769,10.527376618421926,3.917959542091509,0.13657371463335366,1.0,8.515499830245972,6.643856189774725,0.14436951559535238,100.0,64.0,0.5,0.75,0.001,0.0,1e-08,1.0,0.0,1.0
111,-3.592917232207207,100.0,6.432499236042043,2.3662483182039065,10.525789515724853,4.066250917838136,0.1381608173304265,2.0,10.00586485862732,6.643856189774725,0.14436951559535238,100.0,64.0,0.5,0.75,0.001,0.0,1e-08,1.0,0.0,1.0
112,-3.755146493956863,100.0,6.137999071832957,2.066125586717784,10.525511539736046,4.071873485115173,0.13843879331923326,3.0,9.379831075668335,6.643856189774725,0.14436951559535238,100.0,64.0,0.5,0.75,0.001,0.0,1e-08,1.0,0.0,1.0
113,-3.9735220993988722,100.0,5.71116469193585,1.6614923257432879,10.525607510735544,4.049672366192562,0.1383428223197356,4.0,9.083144903182983,6.643856189774725,0.14436951559535238,100.0,64.0,0.5,0.75,0.001,0.0,1e-08,1.0,0.0,1.0
114,-4.191547015943458,96.0,5.280563615370378,1.27296612458209,10.525893652289298,4.007597490788288,0.1380566807659811,5.0,8.784297943115234,6.643856189774725,0.14436951559535238,100.0,64.0,0.5,0.75,0.001,0.0,1e-08,1.0,0.0,1.0
115,-4.368046819617425,78.0,4.926655773050881,0.967022172758629,10.526275465769514,3.9596336002922525,0.1376748672857655,6.0,8.48547911643982,6.643856189774725,0.14436951559535238,100.0,64.0,0.5,0.75,0.001,0.0,1e-08,1.0,0.0,1.0
116,-4.492496350831746,62.0,4.672577709935124,0.7625211953088634,10.526703247694147,3.9100565146262602,0.13724708536113184,7.0,7.2916200160980225,6.643856189774725,0.14436951559535238,100.0,64.0,0.5,0.75,0.001,0.0,1e-08,1.0,0.0,1.0
117,-4.607084683727844,43.0,4.4390788421783105,0.5726801139354933,10.527078091353117,3.8663987282428174,0.1368722417021626,8.0,5.960374116897583,6.643856189774725,0.14436951559535238,100.0,64.0,0.5,0.75,0.001,0.0,1e-08,1.0,0.0,1.0
118,-4.683279765937779,37.0,4.284843995658512,0.43924076358004854,10.527254967745806,3.845603232078463,0.1366953653094729,9.0,4.031001806259155,6.643856189774725,0.14436951559535238,100.0,64.0,0.5,0.75,0.001,0.0,1e-08,1.0,0.0,1.0
119,-4.715358945768535,33.0,4.2174436104952875,0.3823022543467676,10.527362029475741,3.8351413561485197,0.1365883035795381,10.0,3.519454002380371,6.643856189774725,0.14436951559535238,100.0,64.0,0.5,0.75,0.001,0.0,1e-08,1.0,0.0,1.0
120,-4.7319372736187155,27.0,4.181050523145946,0.36233910901403216,10.527515673020003,3.818711414131914,0.1364346600352757,11.0,3.077866792678833,6.643856189774725,0.14436951559535238,100.0,64.0,0.5,0.75,0.001,0.0,1e-08,1.0,0.0,1.0
121,-4.747280962244972,25.0,4.149016775165259,0.34795421107218,10.527664073182246,3.801062564093079,0.13628625987303344,12.0,2.4856579303741455,6.643856189774725,0.14436951559535238,100.0,64.0,0.5,0.75,0.001,0.0,1e-08,1.0,0.0,1.0
122,-4.765290663262873,25.0,4.111342622800906,0.32716973807984595,10.527808951539281,3.78417288472106,0.13614138151599775,13.0,2.262770891189575,6.643856189774725,0.14436951559535238,100.0,64.0,0.5,0.75,0.001,0.0,1e-08,1.0,0.0,1.0
123,-4.786756977170461,24.0,4.066948495286149,0.30026863320230496,10.527957033745038,3.766679862083844,0.1359932993102415,14.0,2.2317311763763428,6.643856189774725,0.14436951559535238,100.0,64.0,0.5,0.75,0.001,0.0,1e-08,1.0,0.0,1.0
124,-4.8095887765059695,24.0,4.019332187018441,0.2778121775613731,10.528168850637408,3.741520009457068,0.1357814824178707,15.0,2.139420986175537,6.643856189774725,0.14436951559535238,100.0,64.0,0.5,0.75,0.001,0.0,1e-08,1.0,0.0,1.0
125,-4.838218947357932,23.0,3.958483403554287,0.2512726864683112,10.52846492668531,3.707210717085976,0.13548540636996975,16.0,2.275752067565918,6.643856189774725,0.14436951559535238,100.0,64.0,0.5,0.75,0.001,0.0,1e-08,1.0,0.0,1.0
126,-4.865098973432419,23.0,3.9007363372597825,0.2195110326411323,10.528699086268222,3.6812253046186503,0.1352512467870568,17.0,2.163508892059326,6.643856189774725,0.14436951559535238,100.0,64.0,0.5,0.75,0.001,0.0,1e-08,1.0,0.0,1.0
127,-4.878517375758069,23.0,3.8711892323339336,0.20527105498815426,10.528839847420937,3.6659181773457794,0.13511048563434258,18.0,2.0980191230773926,6.643856189774725,0.14436951559535238,100.0,64.0,0.5,0.75,0.001,0.0,1e-08,1.0,0.0,1.0
128,-4.8840367492306065,22.0,3.8577970132354116,0.2042568325340754,10.52895493702092,3.653540180701336,0.13499539603435906,19.0,2.06518292427063,6.643856189774725,0.14436951559535238,100.0,64.0,0.5,0.75,0.001,0.0,1e-08,1.0,0.0,1.0
129,-4.888493285301867,21.0,3.84611610568692,0.20438270217049115,10.529068801181786,3.6417334035164286,0.13488153187349283,20.0,2.0123369693756104,6.643856189774725,0.14436951559535238,100.0,64.0,0.5,0.75,0.001,0.0,1e-08,1.0,0.0,1.0
130,-4.892910052851192,21.0,3.8341091252420276,0.20426801233137748,10.529186502243912,3.62984111291065,0.13476383081136767,21.0,1.8659892082214355,6.643856189774725,0.14436951559535238,100.0,64.0,0.5,0.75,0.001,0.0,1e-08,1.0,0.0,1.0
131,-4.897609182609132,21.0,3.821041646723543,0.2037077638408701,10.529312880751963,3.6173338828826727,0.13463745230331625,22.0,1.8737099170684814,6.643856189774725,0.14436951559535238,100.0,64.0,0.5,0.75,0.001,0.0,1e-08,1.0,0.0,1.0
132,-4.902947452483291,21.0,3.8059843520036933,0.20234496958875903,10.529454093685082,3.603639382414934,0.13449623937019695,23.0,1.8623530864715576,6.643856189774725,0.14436951559535238,100.0,64.0,0.5,0.75,0.001,0.0,1e-08,1.0,0.0,1.0
133,-4.909406761093784,21.0,3.7876336373602,0.19947948425059936,10.529617510300143,3.588154153109601,0.1343328227551357,24.0,1.9125471115112305,6.643856189774725,0.14436951559535238,100.0,64.0,0.5,0.75,0.001,0.0,1e-08,1.0,0.0,1.0
134,-4.917668963111197,21.0,3.7642094043221963,0.19374585237948333,10.529809623035847,3.570463551942713,0.13414071001943206,25.0,2.04447603225708,6.643856189774725,0.14436951559535238,100.0,64.0,0.5,0.75,0.001,0.0,1e-08,1.0,0.0,1.0
135,-4.928487836662254,21.0,3.7340556067226696,0.1829252839147069,10.530027195532973,3.5511303228079627,0.13392313752230578,26.0,2.035916805267334,6.643856189774725,0.14436951559535238,100.0,64.0,0.5,0.75,0.001,0.0,1e-08,1.0,0.0,1.0
136,-4.941508932900589,21.0,3.699102114905115,0.1661095463978441,10.530238516264548,3.532992568507271,0.13371181679073096,27.0,1.9438419342041016,6.643856189774725,0.14436951559535238,100.0,64.0,0.5,0.75,0.001,0.0,1e-08,1.0,0.0,1.0
137,-4.952572634535592,21.0,3.670730674499622,0.15106313286942163,10.530391399577146,3.5196675416302003,0.13355893347813286,28.0,1.9441049098968506,6.643856189774725,0.14436951559535238,100.0,64.0,0.5,0.75,0.001,0.0,1e-08,1.0,0.0,1.0
138,-4.958176036879674,21.0,3.656135308200094,0.1467850543473009,10.530498476525496,3.509350253852793,0.13345185652978309,29.0,1.9539809226989746,6.643856189774725,0.14436951559535238,100.0,64.0,0.5,0.75,0.001,0.0,1e-08,1.0,0.0,1.0
139,-4.9625510212729385,19.0,3.6441972120399475,0.14606717135245892,10.530611041685956,3.4981300406874887,0.13333929136932277,30.0,1.9558141231536865,6.643856189774725,0.14436951559535238,100.0,64.0,0.5,0.75,0.001,0.0,1e-08,1.0,0.0,1.0
140,-4.968194903335929,19.0,3.6289382252752285,0.1442021549034599,10.530746707255913,3.4847360703717687,0.13320362579936607,31.0,1.7873649597167969,6.643856189774725,0.14436951559535238,100.0,64.0,0.5,0.75,0.001,0.0,1e-08,1.0,0.0,1.0
141,-4.976235535177734,19.0,3.607765623525538,0.13918583018022074,10.530912704248824,3.468579793345317,0.13303762880645564,32.0,1.6909360885620117,6.643856189774725,0.14436951559535238,100.0,64.0,0.5,0.75,0.001,0.0,1e-08,1.0,0.0,1.0
142,-4.987298820751052,19.0,3.579983310616688,0.1281584058776988,10.531087787298578,3.451824904738989,0.13286254575670142,33.0,1.7263948917388916,6.643856189774725,0.14436951559535238,100.0,64.0,0.5,0.75,0.001,0.0,1e-08,1.0,0.0,1.0
143,-4.997630610470099,19.0,3.5556381005788618,0.11360838811760511,10.531193074977308,3.4420297124612564,0.13275725807797123,34.0,1.6336958408355713,6.643856189774725,0.14436951559535238,100.0,64.0,0.5,0.75,0.001,0.0,1e-08,1.0,0.0,1.0
144,-5.000958942722079,19.0,3.5483043233091487,0.10719478308634785,10.531205553766403,3.4411095402228007,0.13274477928887585,35.0,1.6978559494018555,6.643856189774725,0.14436951559535238,100.0,64.0,0.5,0.75,0.001,0.0,1e-08,1.0,0.0,1.0
145,-5.001015099645263,18.0,3.5482336765046245,0.10647660247703183,10.531200169384789,3.441757074027593,0.1327501636704902,36.0,1.6849968433380127,6.643856189774725,0.14436951559535238,100.0,64.0,0.5,0.75,0.001,0.0,1e-08,1.0,0.0,1.0
